Transaction Date,Post Date,Description,Category,Type,Amount,Memo
08/15/2021,08/15/2021,AUTOMATIC PAYMENT - THANK,,Payment,490.95,
07/30/2021,08/01/2021,SEAMLSS,Food & Drink,Sale,-2.06,
07/29/2021,07/30/2021,SEAMLSS,Food & Drink,Sale,-3.78,
07/28/2021,07/29/2021,SEAMLSS,Food & Drink,Sale,-11.14,
07/27/2021,07/28/2021,SEAMLSS,Food & Drink,Sale,-10.98,
07/23/2021,07/25/2021,SEAMLSS,Food & Drink,Sale,-6.84,
07/24/2021,07/25/2021,SEAMLSS,Food & Drink,Sale,-0.81,
07/22/2021,07/23/2021,SEAMLSS,Food & Drink,Sale,-4.23,
07/21/2021,07/22/2021,SEAMLSS,Food & Drink,Sale,-1.89,
07/20/2021,07/21/2021,SEAMLSS,Food & Drink,Sale,-6.96,
07/17/2021,07/18/2021,SEAMLSS,Food & Drink,Sale,-1.89,
07/16/2021,07/16/2021,LYFT,Travel,Sale,-19.99,
07/15/2021,07/16/2021,SEAMLSS,Food & Drink,Sale,-3.39,
07/14/2021,07/15/2021,SEAMLSS,Food & Drink,Sale,-10.98,
07/13/2021,07/14/2021,SEAMLSS,Food & Drink,Sale,-13.2,
07/11/2021,07/12/2021,SEAMLSS,Food & Drink,Sale,-67.47,
07/10/2021,07/11/2021,SEAMLSS,Food & Drink,Sale,-0.96,
07/08/2021,07/09/2021,SEAMLSS,Food & Drink,Sale,-27.98,
07/07/2021,07/08/2021,SEAMLSS,Food & Drink,Sale,-6.84,
07/06/2021,07/07/2021,SEAMLSS,Food & Drink,Sale,-38.05,
07/01/2021,07/04/2021,SEAMLSS,Food & Drink,Sale,-107.21,
07/01/2021,07/02/2021,SEAMLSS,Food & Drink,Sale,-18.04,
06/30/2021,07/01/2021,SEAMLSS,Food & Drink,Sale,-22,
06/29/2021,06/30/2021,SEAMLSS,Food & Drink,Sale,-13.18,
06/26/2021,06/27/2021,SEAMLSS,Food & Drink,Sale,-4.23,
06/25/2021,06/27/2021,SEAMLSS,Food & Drink,Sale,-3.27,
06/24/2021,06/24/2021,SEAMLSS,Food & Drink,Sale,-56.48,
06/23/2021,06/24/2021,SEAMLSS,Food & Drink,Sale,-10.98,
06/22/2021,06/23/2021,SEAMLSS,Food & Drink,Sale,-3.69,
06/18/2021,06/20/2021,SEAMLSS,Food & Drink,Sale,-11.3,
06/19/2021,06/20/2021,SEAMLSS,Food & Drink,Sale,-53.73,
06/17/2021,06/18/2021,SEAMLSS,Food & Drink,Sale,-2.24,
06/17/2021,06/17/2021,SEAMLSS,Food & Drink,Sale,-37.76,
06/16/2021,06/17/2021,SEAMLSS,Food & Drink,Sale,-11.16,
06/15/2021,06/16/2021,SEAMLSS,Food & Drink,Sale,-10.98,
06/15/2021,06/15/2021,SEAMLSS,Food & Drink,Sale,-30.37,
06/13/2021,06/14/2021,SEAMLSS,Food & Drink,Sale,-48.11,
06/13/2021,06/13/2021,LYFT,Travel,Sale,-22.89,
06/12/2021,06/13/2021,SEAMLSS,Food & Drink,Sale,-2.24,
06/11/2021,06/13/2021,SEAMLSS,Food & Drink,Sale,-4.2,
06/13/2021,06/13/2021,LYFT,Travel,Sale,-78.87,
06/11/2021,06/11/2021,SEAMLSS,Food & Drink,Sale,-34.68,
06/10/2021,06/10/2021,SEAMLSS,Food & Drink,Sale,-36.48,
06/09/2021,06/10/2021,SEAMLSS,Food & Drink,Sale,-8.79,
06/08/2021,06/09/2021,SEAMLSS,Food & Drink,Sale,-1.89,
06/06/2021,06/07/2021,SEAMLSS,Food & Drink,Sale,-33.72,
06/05/2021,06/06/2021,SEAMLSS,Food & Drink,Sale,-1.42,
06/04/2021,06/04/2021,SEAMLSS,Food & Drink,Sale,-30.14,
06/03/2021,06/04/2021,UBER   TRIP,Travel,Sale,-6.49,
06/03/2021,06/04/2021,SEAMLSS,Food & Drink,Sale,-15.98,
06/02/2021,06/03/2021,SEAMLSS,Food & Drink,Sale,-9.17,
05/31/2021,05/31/2021,SEAMLSS,Food & Drink,Sale,-52.49,
05/30/2021,05/31/2021,SEAMLSS,Food & Drink,Sale,-80.11,
05/28/2021,05/30/2021,SEAMLSS,Food & Drink,Sale,-2.18,
05/28/2021,05/28/2021,SEAMLSS,Food & Drink,Sale,-22.41,
05/26/2021,05/27/2021,SEAMLSS,Food & Drink,Sale,-9.17,
05/27/2021,05/27/2021,SEAMLSS,Food & Drink,Sale,-26.7,
05/21/2021,05/23/2021,SEAMLSS,Food & Drink,Sale,-2.18,
05/22/2021,05/23/2021,SEAMLSS,Food & Drink,Sale,-1.89,
05/17/2021,05/17/2021,SEAMLSS,Food & Drink,Sale,-33.05,
05/14/2021,05/16/2021,SEAMLSS,Food & Drink,Sale,-13.04,
05/15/2021,05/16/2021,SEAMLSS,Food & Drink,Sale,-79.02,
05/15/2021,05/16/2021,SEAMLSS,Food & Drink,Sale,-25.19,
05/15/2021,05/16/2021,UBER   TRIP,Travel,Sale,-5.06,
05/15/2021,05/16/2021,SEAMLSS,Food & Drink,Sale,-0.33,
05/13/2021,05/14/2021,SEAMLSS,Food & Drink,Sale,-11.67,
05/12/2021,05/13/2021,SEAMLSS,Food & Drink,Sale,-5.32,
05/11/2021,05/12/2021,SEAMLSS,Food & Drink,Sale,-1.89,
05/10/2021,05/11/2021,SEAMLSS,Food & Drink,Sale,-56.83,
05/09/2021,05/11/2021,SEAMLSS,Food & Drink,Sale,-4.74,
05/09/2021,05/09/2021,LYFT,Travel,Sale,-25.75,
05/09/2021,05/09/2021,LYFT,Travel,Sale,-50.47,
05/06/2021,05/07/2021,SEAMLSS,Food & Drink,Sale,-22.03,
05/06/2021,05/07/2021,SEAMLSS,Food & Drink,Sale,-96.45,
05/04/2021,05/05/2021,SEAMLSS,Food & Drink,Sale,-9.46,
05/03/2021,05/04/2021,SEAMLSS,Food & Drink,Sale,-65.98,
05/01/2021,05/02/2021,SEAMLSS,Food & Drink,Sale,-10.98,
05/01/2021,05/02/2021,SEAMLSS,Food & Drink,Sale,-56.18,
04/30/2021,05/02/2021,SEAMLSS,Food & Drink,Sale,-4.99,
05/01/2021,05/02/2021,GOOGLE,Professional Services,Sale,-0.8,
04/29/2021,04/30/2021,WHOLEFDS,Groceries,Sale,-39.86,
04/29/2021,04/30/2021,SEAMLSS,Food & Drink,Sale,-6.96,
04/28/2021,04/29/2021,SEAMLSS,Food & Drink,Sale,-9.02,
04/27/2021,04/28/2021,SEAMLSS,Food & Drink,Sale,-5.44,
04/23/2021,04/25/2021,SEAMLSS,Food & Drink,Sale,-4.99,
04/21/2021,04/22/2021,SEAMLSS,Food & Drink,Sale,-7.85,
04/20/2021,04/21/2021,SEAMLSS,Food & Drink,Sale,-9.44,
04/19/2021,04/20/2021,WHOLEFDS,Groceries,Sale,-35.61,
04/17/2021,04/18/2021,SEAMLSS,Food & Drink,Sale,-93.05,
04/17/2021,04/18/2021,SEAMLSS,Food & Drink,Sale,-12.34,
04/16/2021,04/18/2021,SEAMLSS,Food & Drink,Sale,-25.8,
04/16/2021,04/18/2021,SEAMLSS,Food & Drink,Sale,-7.65,
04/15/2021,04/17/2020,WHOLEFDS,Groceries,Sale,-161.39,
04/15/2021,04/16/2021,SEAMLSS,Food & Drink,Sale,-2.24,
04/15/2021,04/15/2021,AUTOMATIC PAYMENT - THANK,,Payment,545.23,
04/14/2021,04/15/2021,SEAMLSS,Food & Drink,Sale,-8.8,
04/13/2021,04/14/2021,SEAMLSS,Food & Drink,Sale,-11.24,
04/12/2021,04/12/2021,SEAMLSS,Food & Drink,Sale,-64.18,
04/09/2021,04/11/2021,SEAMLSS,Food & Drink,Sale,-4.99,
04/10/2021,04/11/2021,SEAMLSS,Food & Drink,Sale,-12.34,
04/08/2021,04/09/2021,SEAMLSS,Food & Drink,Sale,-27.17,
04/06/2021,04/09/2021,SEAMLSS,Food & Drink,Sale,-11.72,
04/03/2021,04/05/2021,SEAMLSS,Food & Drink,Sale,-27.16,
04/05/2021,04/05/2021,SEAMLSS,Food & Drink,Sale,-15,
04/04/2021,04/05/2021,SEAMLSS,Food & Drink,Sale,-65.04,
04/02/2021,04/04/2021,SEAMLSS,Food & Drink,Sale,-9.47,
04/01/2021,04/02/2021,GOOGLE,Professional Services,Sale,-0.8,
03/31/2021,04/01/2021,SEAMLSS,Food & Drink,Sale,-8.8,
03/27/2021,03/29/2021,SEAMLSS,Food & Drink,Sale,-22.37,
03/27/2021,03/28/2021,SEAMLSS,Food & Drink,Sale,-9.89,
03/26/2021,03/28/2021,SEAMLSS,Food & Drink,Sale,-9.13,
03/26/2021,03/26/2021,SEAMLSS,Food & Drink,Sale,-53.76,
03/24/2021,03/25/2021,SEAMLSS,Food & Drink,Sale,-60.78,
03/23/2021,03/24/2021,SEAMLSS,Food & Drink,Sale,-51.47,
03/21/2021,03/22/2021,SEAMLSS,Food & Drink,Sale,-40.92,
03/21/2021,03/22/2021,SEAMLSS,Food & Drink,Sale,-84.93,
03/18/2021,03/19/2021,SEAMLSS,Food & Drink,Sale,-9.99,
03/19/2021,03/19/2021,SEAMLSS,Food & Drink,Sale,-3.55,
03/18/2021,03/19/2021,SEAMLSS,Food & Drink,Sale,-0.8,
03/17/2021,03/18/2021,SEAMLSS,Food & Drink,Sale,-1.85,
03/16/2021,03/17/2021,SEAMLSS,Food & Drink,Sale,-5.32,
03/14/2021,03/16/2021,SEAMLSS,Food & Drink,Sale,-37.56,
03/15/2021,03/15/2021,AUTOMATIC PAYMENT - THANK,,Payment,828.84,
03/15/2021,03/17/2021,WHOLEFDS,Groceries,Sale,-161.39,
03/13/2021,03/15/2021,SEAMLSS,Food & Drink,Sale,-5.44,
03/12/2021,03/14/2021,SEAMLSS,Food & Drink,Sale,-11.67,
03/13/2021,03/14/2021,SEAMLSS,Food & Drink,Sale,-9.35,
03/13/2021,03/14/2021,SEAMLSS,Food & Drink,Sale,-58.56,
03/11/2021,03/12/2021,SEAMLSS,Food & Drink,Sale,-2.6,
03/10/2021,03/11/2021,SEAMLSS,Food & Drink,Sale,-4.99,
03/07/2021,03/08/2021,SEAMLSS,Food & Drink,Sale,-69.86,
03/06/2021,03/07/2021,SEAMLSS,Food & Drink,Sale,-0.8,
03/05/2021,03/07/2021,SEAMLSS,Food & Drink,Sale,-8.25,
03/04/2021,03/05/2021,SEAMLSS,Food & Drink,Sale,-8.8,
03/03/2021,03/04/2021,SEAMLSS,Food & Drink,Sale,-4.99,
03/02/2021,03/03/2021,SEAMLSS,Food & Drink,Sale,-3.96,
03/02/2021,03/03/2021,GOOGLE,Professional Services,Sale,-0.88,
03/01/2021,03/02/2021,SEAMLSS,Food & Drink,Sale,-34.86,
02/28/2021,03/01/2021,SEAMLSS,Food & Drink,Sale,-81.18,
02/26/2021,02/28/2021,SEAMLSS,Food & Drink,Sale,-9.89,
02/27/2021,02/28/2021,SEAMLSS,Food & Drink,Sale,-1.89,
02/25/2021,02/26/2021,SEAMLSS,Food & Drink,Sale,-6.59,
02/24/2021,02/25/2021,SEAMLSS,Food & Drink,Sale,-3.99,
02/23/2021,02/24/2021,SEAMLSS,Food & Drink,Sale,-4.23,
02/22/2021,02/23/2021,SEAMLSS,Food & Drink,Sale,-85,
02/20/2021,02/22/2021,SEAMLSS,Food & Drink,Sale,-5.72,
02/21/2021,02/22/2021,SEAMLSS,Food & Drink,Sale,-44.64,
02/20/2021,02/21/2021,SEAMLSS,Food & Drink,Sale,-2.58,
02/19/2021,02/21/2021,SEAMLSS,Food & Drink,Sale,-5.32,
02/18/2021,02/19/2021,SEAMLSS,Food & Drink,Sale,-14.15,
02/18/2021,02/19/2021,SEAMLSS,Food & Drink,Sale,-10.31,
02/17/2021,02/18/2021,SEAMLSS,Food & Drink,Sale,-4.99,
02/16/2021,02/17/2021,SEAMLSS,Food & Drink,Sale,-39.89,
02/15/2021,02/16/2021,SEAMLSS,Food & Drink,Sale,-9.99,
02/15/2021,02/16/2021,SEAMLSS,Food & Drink,Sale,-69.66,
02/15/2020,02/15/2020,WHOLEFDS,Groceries,Sale,-161.39,
02/15/2021,02/15/2021,AUTOMATIC PAYMENT - THANK,,Payment,321.61,
02/11/2021,02/14/2021,SEAMLSS,Food & Drink,Sale,-5.44,
02/12/2021,02/14/2021,SEAMLSS,Food & Drink,Sale,-74.39,
02/10/2021,02/12/2021,SEAMLSS,Food & Drink,Sale,-5.72,
02/11/2021,02/12/2021,SEAMLSS,Food & Drink,Sale,-17.84,
02/10/2021,02/11/2021,SEAMLSS,Food & Drink,Sale,-13.38,
02/09/2021,02/10/2021,SEAMLSS,Food & Drink,Sale,-15.66,
02/05/2021,02/07/2021,SEAMLSS,Food & Drink,Sale,-7.25,
02/06/2021,02/07/2021,SEAMLSS,Food & Drink,Sale,-13.14,
02/04/2021,02/05/2021,SEAMLSS,Food & Drink,Sale,-11.2,
02/03/2021,02/04/2021,SEAMLSS,Food & Drink,Sale,-4.9,
02/03/2021,02/04/2021,SEAMLSS,Food & Drink,Sale,-35.79,
02/01/2021,02/02/2021,SEAMLSS,Food & Drink,Sale,-56.95,
01/31/2021,02/01/2021,SEAMLSS,Food & Drink,Sale,-47.22,
01/29/2021,02/01/2021,HOUSTON AP CARTCHAIRCH,Home,Sale,-6,
01/31/2021,02/01/2021,GOOGLE,Professional Services,Sale,-0.72,
01/29/2021,01/31/2021,LYFT,Travel,Sale,-40.87,
01/29/2021,01/31/2021,LYFT,Travel,Sale,-30,
01/30/2021,01/31/2021,LYFT,Travel,Sale,-26.38,
01/29/2021,01/31/2021,SEAMLSS,Food & Drink,Sale,-6.84,
01/30/2021,01/31/2021,SEAMLSS,Food & Drink,Sale,-16.75,
01/28/2021,01/29/2021,LYFT,Travel,Sale,-37.54,
01/28/2021,01/29/2021,LYFT,Travel,Sale,-28.56,
01/28/2021,01/29/2021,SEAMLSS,Food & Drink,Sale,-11.2,
01/27/2021,01/28/2021,SEAMLSS,Food & Drink,Sale,-16.75,
01/27/2021,01/28/2021,SEAMLSS,Food & Drink,Sale,-13.01,
01/26/2021,01/28/2021,SEAMLSS,Food & Drink,Sale,-4.9,
01/26/2021,01/27/2021,SEAMLSS,Food & Drink,Sale,-3.69,
01/24/2021,01/25/2021,SEAMLSS,Food & Drink,Sale,-40.92,
01/22/2021,01/24/2021,SEAMLSS,Food & Drink,Sale,-11.46,
01/23/2021,01/24/2021,SEAMLSS,Food & Drink,Sale,-11.2,
01/21/2021,01/22/2021,SEAMLSS,Food & Drink,Sale,-13.38,
01/20/2021,01/21/2021,SEAMLSS,Food & Drink,Sale,-5.32,
01/20/2021,01/21/2021,SEAMLSS,Food & Drink,Sale,-5.72,
01/20/2021,01/21/2021,SEAMLSS,Food & Drink,Sale,-31.57,
01/17/2021,01/19/2021,SEAMLSS,Food & Drink,Sale,-32.65,
01/16/2021,01/17/2021,SEAMLSS,Food & Drink,Sale,-12.29,
01/14/2021,01/17/2021,SEAMLSS,Food & Drink,Sale,-5.99,
01/13/2021,01/15/2021,SEAMLSS,Food & Drink,Sale,-5.17,
01/12/2021,01/14/2021,SEAMLSS,Food & Drink,Sale,-4.9,
01/13/2021,01/14/2021,SEAMLSS,Food & Drink,Sale,-17.84,
01/15/2021,01/17/2021,WHOLEFDS,Groceries,Sale,-161.39,
01/12/2021,01/13/2021,SEAMLSS,Food & Drink,Sale,-31.57,
01/12/2021,01/13/2021,SEAMLSS,Food & Drink,Sale,-3.14,
01/08/2021,01/10/2021,SEAMLSS,Food & Drink,Sale,-24.63,
01/09/2021,01/10/2021,SEAMLSS,Food & Drink,Sale,-16.75,
01/07/2021,01/08/2021,SEAMLSS,Food & Drink,Sale,-11.31,
01/06/2021,01/07/2021,SEAMLSS,Food & Drink,Sale,-13.49,
01/05/2021,01/06/2021,SEAMLSS,Food & Drink,Sale,-5.44,
01/05/2021,01/06/2021,SEAMLSS,Food & Drink,Sale,-13.49,
01/03/2021,01/04/2021,SEAMLSS,Food & Drink,Sale,-39.68,
01/03/2021,01/04/2021,SEAMLSS,Food & Drink,Sale,-42.76,
01/03/2021,01/04/2021,LYFT,Travel,Sale,-25.86,
01/03/2021,01/04/2021,LYFT,Travel,Sale,-22.93,
01/02/2021,01/03/2021,SEAMLSS,Food & Drink,Sale,-59.54,
12/31/2020,01/03/2021,SEAMLSS,Food & Drink,Sale,-39.49,
12/31/2020,01/01/2021,GOOGLE,Professional Services,Sale,-0.12,
12/29/2020,12/31/2020,SEAMLSS,Food & Drink,Sale,-55.16,
12/15/2020,12/17/2020,WHOLEFDS,Groceries,Sale,-161.39,
12/28/2020,12/30/2020,SEAMLSS,Food & Drink,Sale,-26.52,
12/23/2020,12/25/2020,SEAMLSS,Food & Drink,Sale,-28.96,
12/23/2020,12/24/2020,CARWASH,Automotive,Sale,-9,
12/20/2020,12/21/2020,CREDIT,Fees & Adjustments,Adjustment,13.84,
12/20/2020,12/21/2020,SEAMLSS,Food & Drink,Sale,-39.35,
12/14/2020,12/15/2020,ELECTRICITY,Bills & Utilities,Sale,-10.41,
12/05/2020,12/07/2020,SEAMLSS,Food & Drink,Sale,-60.62,
12/01/2020,12/03/2020,SEAMLSS,Food & Drink,Sale,-45.47,
12/01/2020,12/01/2020,FEE,Fees & Adjustments,Fee,-450,
11/29/2020,12/01/2020,SEAMLSS,Food & Drink,Sale,-60.08,
11/26/2020,11/27/2020,GOOGLE *Google Storage,Shopping,Sale,-19.99,
11/24/2020,11/26/2020,SEAMLSS,Food & Drink,Sale,-46.01,
11/22/2020,11/24/2020,SEAMLSS,Food & Drink,Sale,-41.14,
11/19/2020,11/20/2020,LYFT,Travel,Sale,-15.25,
11/15/2020,11/17/2020,WHOLEFDS,Groceries,Sale,-61.39,
11/15/2020,11/17/2020,SEAMLSS,Food & Drink,Sale,-33.01,
11/13/2020,11/15/2020,WHOLEFDS,Groceries,Sale,-38.53,
11/13/2020,11/15/2020,SEAMLSS,Food & Drink,Sale,-4.23,
11/11/2020,11/12/2020,SEAMLSS,Food & Drink,Sale,-0.42,
11/10/2020,11/11/2020,SEAMLSS,Food & Drink,Sale,-0.42,
11/03/2020,11/04/2020,WHOLEFDS,Groceries,Sale,-58.04,
10/31/2020,11/01/2020,SEAMLSS,Food & Drink,Sale,-0.42,
10/28/2020,10/29/2020,SEAMLSS,Food & Drink,Sale,-4.23,
10/27/2020,10/28/2020,ELECTRICITY,Bills & Utilities,Sale,-30.79,
10/22/2020,10/23/2020,SEAMLSS,Food & Drink,Sale,-0.42,
10/17/2020,10/18/2020,SEAMLSS,Food & Drink,Sale,-4.23,
10/13/2020,10/14/2020,SEAMLSS,Food & Drink,Sale,-1.29,
10/08/2020,10/09/2020,SEAMLSS,Food & Drink,Sale,-1.71,
10/04/2020,10/06/2020,SEAMLSS,Food & Drink,Sale,-7.68,
10/04/2020,10/05/2020,SEAMLSS,Food & Drink,Sale,-33.6,
10/02/2020,10/04/2020,SEAMLSS,Food & Drink,Sale,-4.23,
09/19/2020,09/20/2020,SEAMLSS,Food & Drink,Sale,-25.77,
08/20/2020,08/21/2020,LYFT,Travel,Sale,-15.87,
08/07/2020,08/09/2020,SEAMLSS,Food & Drink,Sale,-1.79,
08/06/2020,08/07/2020,CVS,Health & Wellness,Sale,-11.41,
08/05/2020,08/06/2020,SEAMLSS,Food & Drink,Sale,-2.52,
08/02/2020,08/03/2020,SEAMLSS,Food & Drink,Sale,-28.97,
08/01/2020,08/02/2020,CREDIT,Fees & Adjustments,Adjustment,13.2,
08/01/2020,08/02/2020,SEAMLSS,Food & Drink,Sale,-13.2,
07/31/2020,08/02/2020,SEAMLSS,Food & Drink,Sale,-2.88,
07/30/2020,07/31/2020,SEAMLSS,Food & Drink,Sale,-11.9,
07/30/2020,07/31/2020,SEAMLSS,Food & Drink,Sale,-2.88,
07/29/2020,07/30/2020,SEAMLSS,Food & Drink,Sale,-2.88,
07/26/2020,07/27/2020,SEAMLSS,Food & Drink,Sale,-22.71,
07/15/2020,07/15/2020,AUTOMATIC PAYMENT - THANK,,Payment,247.58,
07/12/2020,07/13/2020,WHOLEFDS,Groceries,Return,13.98,
07/11/2020,07/12/2020,SEAMLSS,Food & Drink,Sale,-18.95,
07/08/2020,07/08/2020,WHOLEFDS,Groceries,Sale,-84.73,
07/06/2020,07/07/2020,Amazon.com*MJ5V27HZ1,Shopping,Sale,-7.76,
06/15/2020,06/16/2020,SEAMLSS,Food & Drink,Sale,-70.36,
06/12/2020,06/14/2020,SEAMLSS,Food & Drink,Sale,-16.53,
06/13/2020,06/14/2020,SEAMLSS,Food & Drink,Sale,-17.29,
06/11/2020,06/12/2020,SEAMLSS,Food & Drink,Sale,-2.6,
06/10/2020,06/11/2020,SEAMLSS,Food & Drink,Sale,-16.2,
06/09/2020,06/10/2020,SEAMLSS,Food & Drink,Sale,-14.67,
06/05/2020,06/07/2020,SEAMLSS,Food & Drink,Sale,-14.62,
06/06/2020,06/07/2020,SEAMLSS,Food & Drink,Sale,-16.84,
06/06/2020,06/07/2020,HUNGRYPANDA US INC,Shopping,Sale,-41.53,
06/04/2020,06/05/2020,SEAMLSS,Food & Drink,Sale,-2.6,
06/03/2020,06/04/2020,SEAMLSS,Food & Drink,Sale,-2.33,
06/02/2020,06/03/2020,SEAMLSS,Food & Drink,Sale,-6.84,
06/01/2020,06/01/2020,Amazon.com*MY5SP0331,Shopping,Sale,-5,
05/28/2020,05/29/2020,HUNGRYPANDA US INC,Shopping,Sale,-51.54,
05/26/2020,05/27/2020,Amazon.com*M79BF8DC0,Shopping,Sale,-33.97,
05/26/2020,05/27/2020,AMZN Mktp US*M74RA9640,Shopping,Sale,-10.55,
05/03/2020,05/04/2020,SEAMLSS,Food & Drink,Return,0.01,
04/15/2020,04/15/2020,AUTOMATIC PAYMENT - THANK,,Payment,314.51,
03/15/2020,03/15/2020,AUTOMATIC PAYMENT - THANK,,Payment,389.41,
03/12/2020,03/13/2020,SEAMLSS,Food & Drink,Sale,-5.19,
03/11/2020,03/12/2020,SEAMLSS,Food & Drink,Sale,-0.96,
03/10/2020,03/12/2020,SEAMLSS,Food & Drink,Sale,-55.75,
03/05/2020,03/06/2020,SEAMLSS,Food & Drink,Sale,-5.45,
03/05/2020,03/05/2020,SEAMLSS,Food & Drink,Sale,-17.32,
03/04/2020,03/05/2020,SEAMLSS,Food & Drink,Sale,-0.96,
03/03/2020,03/04/2020,SEAMLSS,Food & Drink,Sale,-0.88,
02/29/2020,03/01/2020,SEAMLSS,Food & Drink,Sale,-0.08,
02/27/2020,02/28/2020,SEAMLSS,Food & Drink,Sale,-3.36,
02/26/2020,02/27/2020,SEAMLSS,Food & Drink,Sale,-0.96,
02/27/2020,02/27/2020,SEAMLSS,Food & Drink,Sale,-44.92,
02/21/2020,02/23/2020,DELTA,Travel,Sale,-164.99,
02/22/2020,02/23/2020,SEAMLSS,Food & Drink,Sale,-4.56,
02/21/2020,02/23/2020,SEAMLSS,Food & Drink,Sale,-1.5,
02/20/2020,02/21/2020,SEAMLSS,Food & Drink,Sale,-0.05,
02/19/2020,02/20/2020,SEAMLSS,Food & Drink,Sale,-1.42,
02/17/2020,02/19/2020,SEAMLSS,Food & Drink,Sale,-6.16,
02/17/2020,02/18/2020,LYFT,Travel,Sale,-38.46,
02/16/2020,02/18/2020,SEAMLSS,Food & Drink,Sale,-38.97,
02/16/2020,02/18/2020,SEAMLSS,Food & Drink,Sale,-5.95,
02/14/2020,02/17/2020,SEAMLSS,Food & Drink,Sale,-30.28,
02/14/2020,02/16/2020,SEAMLSS,Food & Drink,Sale,-18.84,
02/14/2020,02/16/2020,SEAMLSS,Food & Drink,Sale,-8.48,
02/14/2020,02/14/2020,AUTOMATIC PAYMENT - THANK,,Payment,1094.98,
02/11/2020,02/12/2020,SEAMLSS,Food & Drink,Sale,-1.92,
02/08/2020,02/09/2020,SEAMLSS,Food & Drink,Sale,-1.62,
02/08/2020,02/09/2020,CREDIT,Fees & Adjustments,Adjustment,32.96,
02/08/2020,02/09/2020,SEAMLSS,Food & Drink,Sale,-32.96,
02/06/2020,02/07/2020,SEAMLSS,Food & Drink,Sale,-1.21,
02/05/2020,02/06/2020,SEAMLSS,Food & Drink,Sale,-2.16,
02/04/2020,02/05/2020,SEAMLSS,Food & Drink,Sale,-0.96,
02/02/2020,02/03/2020,SEAMLSS,Food & Drink,Sale,-52,
01/31/2020,02/02/2020,SEAMLSS,Food & Drink,Sale,-3,
01/30/2020,01/31/2020,SEAMLSS,Food & Drink,Sale,-1.21,
01/29/2020,01/30/2020,SEAMLSS,Food & Drink,Sale,-0.79,
01/28/2020,01/29/2020,SEAMLSS,Food & Drink,Sale,-9.41,
01/29/2020,01/29/2020,SEAMLSS,Food & Drink,Sale,-57.91,
01/27/2020,01/28/2020,UBER TECHNOLOGIES INC,Travel,Sale,-20.66,
01/27/2020,01/28/2020,UBER TECHNOLOGIES INC,Travel,Sale,-4.23,
01/26/2020,01/27/2020,SEAMLSS,Food & Drink,Sale,-12.61,
01/24/2020,01/27/2020,SEAMLSS,Food & Drink,Sale,-31.21,
01/24/2020,01/26/2020,UBER TECHNOLOGIES INC,Travel,Sale,-4.01,
01/24/2020,01/26/2020,SEAMLSS,Food & Drink,Sale,-13.06,
01/24/2020,01/26/2020,CARWASH,Automotive,Sale,-55.61,
01/24/2020,01/26/2020,UBER TECHNOLOGIES INC,Travel,Sale,-1.03,
01/20/2020,01/22/2020,SEAMLSS,Food & Drink,Sale,-21.73,
01/20/2020,01/21/2020,SEAMLSS,Food & Drink,Sale,-5.72,
01/18/2020,01/20/2020,WHOLEFDS,Groceries,Sale,-15.43,
01/16/2020,01/19/2020,WHOLEFDS,Groceries,Sale,-10.08,
01/15/2020,01/15/2020,AUTOMATIC PAYMENT - THANK,,Payment,1563.14,
01/13/2020,01/14/2020,UBER TECHNOLOGIES INC,Travel,Sale,-5.23,
01/13/2020,01/14/2020,LYFT,Travel,Sale,-43.04,
01/13/2020,01/14/2020,UBER TECHNOLOGIES INC,Travel,Sale,-25.52,
01/11/2020,01/13/2020,WHOLEFDS,Groceries,Sale,-18.12,
01/12/2020,01/13/2020,SEAMLSS,Food & Drink,Sale,-9.53,
01/12/2020,01/13/2020,SEAMLSS,Food & Drink,Sale,-8.71,
01/09/2020,01/12/2020,SEAMLSS,Food & Drink,Sale,-149.16,
01/09/2020,01/10/2020,SEAMLSS,Food & Drink,Sale,-38.85,
01/06/2020,01/08/2020,LYFT,Travel,Sale,-33,
01/06/2020,01/08/2020,SEAMLSS,Food & Drink,Sale,-7.02,
01/06/2020,01/07/2020,SEAMLSS,Food & Drink,Sale,-3.27,
01/06/2020,01/07/2020,SEAMLSS,Food & Drink,Sale,-33.64,
01/06/2020,01/07/2020,SEAMLSS,Food & Drink,Sale,-49.5,
01/05/2020,01/06/2020,SEAMLSS,Food & Drink,Sale,-29.3,
01/03/2020,01/05/2020,SEAMLSS,Food & Drink,Sale,-17.83,
01/01/2020,01/03/2020,SEAMLSS,Food & Drink,Sale,-4.89,
12/31/2019,01/02/2020,SEAMLSS,Food & Drink,Sale,-17.58,
12/29/2019,12/31/2019,SEAMLSS,Food & Drink,Sale,-21.75,
12/30/2019,12/31/2019,SEAMLSS,Food & Drink,Sale,-36,
12/30/2019,12/31/2019,SEAMLSS,Food & Drink,Sale,-41.14,
12/28/2019,12/30/2019,SEAMLSS,Food & Drink,Sale,-9.34,
12/28/2019,12/30/2019,LYFT,Travel,Sale,-33,
12/28/2019,12/29/2019,SEAMLSS,Food & Drink,Sale,-68,
12/28/2019,12/29/2019,SEAMLSS,Food & Drink,Sale,-41.37,
12/24/2019,12/26/2019,SEAMLSS,Food & Drink,Sale,-43.61,
12/24/2019,12/25/2019,WHOLEFDS,Groceries,Sale,-30.73,
12/23/2019,12/24/2019,SEAMLSS,Food & Drink,Sale,-54.74,
12/20/2019,12/23/2019,LYFT,Travel,Sale,-18.18,
12/21/2019,12/22/2019,SEAMLSS,Food & Drink,Sale,-5.99,
12/20/2019,12/22/2019,COSTCO WHSE,Shopping,Sale,-3.26,
12/20/2019,12/22/2019,SEAMLSS,Food & Drink,Sale,-27.2,
12/16/2019,12/20/2019,SEAMLSS,Food & Drink,Sale,-5.72,
12/17/2019,12/19/2019,SEAMLSS,Food & Drink,Sale,-12.65,
12/16/2019,12/18/2019,SEAMLSS,Food & Drink,Sale,-63.42,
12/16/2019,12/18/2019,LYFT,Travel,Sale,-33,
12/15/2019,12/17/2019,LYFT,Travel,Sale,-20.58,
12/15/2019,12/17/2019,SEAMLSS,Food & Drink,Sale,-37,
12/14/2019,12/16/2019,SEAMLSS,Food & Drink,Sale,-37.16,
12/14/2019,12/16/2019,LYFT,Travel,Sale,-33,
12/15/2019,12/15/2019,AUTOMATIC PAYMENT - THANK,,Payment,387.95,
12/12/2019,12/15/2019,SEAMLSS,Food & Drink,Sale,-47.63,
12/12/2019,12/15/2019,SEAMLSS,Food & Drink,Sale,-8.82,
12/12/2019,12/13/2019,LYFT,Travel,Sale,-49,
12/12/2019,12/13/2019,SEAMLSS,Food & Drink,Sale,-8.9,
12/11/2019,12/12/2019,UBER TECHNOLOGIES INC,Travel,Sale,-3.61,
12/11/2019,12/12/2019,UBER TECHNOLOGIES INC,Travel,Sale,-23.52,
12/10/2019,12/11/2019,SEAMLSS,Food & Drink,Sale,-44.5,
12/08/2019,12/10/2019,SEAMLSS,Food & Drink,Sale,-63.44,
12/07/2019,12/09/2019,SEAMLSS,Food & Drink,Sale,-20.45,
12/08/2019,12/09/2019,AIRBNB,Travel,Sale,-188.15,
12/09/2019,12/09/2019,UBER TECHNOLOGIES INC,Travel,Sale,-25.85,
12/09/2019,12/09/2019,UBER TECHNOLOGIES INC,Travel,Sale,-3.97,
12/06/2019,12/08/2019,SEAMLSS,Food & Drink,Sale,-56.29,
12/03/2019,12/03/2019,AIRBNB,Travel,Sale,-287.9,
12/01/2019,12/03/2019,SEAMLSS,Food & Drink,Sale,-6.38,
12/01/2019,12/03/2019,SEAMLSS,Food & Drink,Sale,-11.78,
12/01/2019,12/01/2019,FEE,Fees & Adjustments,Fee,-450,
11/30/2019,12/01/2019,SEAMLSS,Food & Drink,Sale,-11.2,
11/23/2019,11/25/2019,SEAMLSS,Food & Drink,Sale,-37,
11/23/2019,11/25/2019,SEAMLSS,Food & Drink,Sale,-54.13,
11/22/2019,11/24/2019,SEAMLSS,Food & Drink,Sale,-6.28,
11/22/2019,11/24/2019,SEAMLSS,Food & Drink,Sale,-6.71,
11/21/2019,11/22/2019,SEAMLSS,Food & Drink,Sale,-8.9,
11/20/2019,11/21/2019,SEAMLSS,Food & Drink,Sale,-8.9,
11/15/2019,11/18/2019,SEAMLSS,Food & Drink,Sale,-42.76,
11/15/2019,11/15/2019,AUTOMATIC PAYMENT - THANK,,Payment,243.76,
11/10/2019,11/12/2019,SEAMLSS,Food & Drink,Sale,-8.9,
11/09/2019,11/11/2019,SEAMLSS,Food & Drink,Sale,-9.95,
11/03/2019,11/05/2019,SEAMLSS,Food & Drink,Sale,-11.4,
11/02/2019,11/04/2019,SEAMLSS,Food & Drink,Sale,-26.13,
10/22/2019,10/24/2019,SEAMLSS,Food & Drink,Sale,-16.24,
10/23/2019,10/23/2019,UBER   *TRIP,Travel,Sale,-17.85,
10/20/2019,10/22/2019,SEAMLSS,Food & Drink,Sale,-8.88,
10/21/2019,10/22/2019,SEAMLSS,Food & Drink,Sale,-5.59,
10/18/2019,10/21/2019,SEAMLSS,Food & Drink,Sale,-76.87,
10/19/2019,10/21/2019,SEAMLSS,Food & Drink,Sale,-56,
10/17/2019,10/20/2019,SEAMLSS,Food & Drink,Sale,-42.22,
10/15/2019,10/15/2019,AUTOMATIC PAYMENT - THANK,,Payment,147.89,
10/13/2019,10/15/2019,SEAMLSS,Food & Drink,Sale,-21.51,
10/08/2019,10/10/2019,SEAMLSS,Food & Drink,Sale,-10.81,